{
  "3": 0.0,
  "5": 0.10091924667358398,
  "7": 0.18202996253967285,
  "9": 14.411827802658081,
  "11": 0.05961322784423828,
  "13": 0.019022226333618164,
  "15": 14.372519731521606
}
